Tokenizer,BLEU,ROUGE-1,ROUGE-2,ROUGE-L,Avg_Latency_MT,Avg_Latency_QA,MT_Sample,QA_Sample
LLaMA3.1-Base,0.2507028708459479,0.0841014334125002,0.0612095581865995,0.0828707566860842,1.8286679649353028,0.8980219554901123,"Larmonium, o harmonium, è un tipo di organo a serbatoio d'aria con una (o più) tastiere e due pedali per azionare i mantici per l'aria. Il suono è | In the Hornbostel-Sachs classification, it belongs to the family called ""series of free reed aerophones"" (code 412.132). Before the invention of the harmonium, there was a different organ without pipes, the reg | Since the frequency of vibration of free reeds does not depend on the air pressure (contrary to what happens in reed and lip organs), the instrument allows the intensity of the sound to be varied for expressive purposes, something impossible in pipe organs. | In the Italian term armonium two different types of instruments are included: the one with compressed air, which is the French harmonium, and the one with aspirated air, which is the American reed organ (but also British and German). | The use of free reed registers was experimented with already in the 18th century by some German and Swedish organ builders, and the inclusion of such registers in the musical automaton called Panharmonicon, which made its constructor J.N. M","A
Explanation: The harmonium is a type of free-reed organ that produces sound when air flows past a vibrating piece of thin metal inside a | A
Explanation: The text is about the harmonium, a musical instrument. The harmonium is a type of free reed aerophone. The | A. The frequency of vibration of free reeds does not depend on the air pressure (contrary to what happens in the beating reeds and in | A
Explanation: Nel termine italiano armonium si comprendono due differenti tipi di strumento: quello ad aria compressa, | A
Explanation: The text is about the history of the free reed organ. The first part of the text describes the use of free reed"
LAPT,0.2611577292257733,0.2099043769662946,0.136447563897797,0.1913618431543967,1.805309829711914,1.0861252689361571,"The harmonium, or harmonium, is a type of air reservoir organ with one (or more) keyboards and two pedals to operate the bellows for the air. The sound is produced by one or more rows of free reeds, similarly to | In the Hornbostel-Sachs classification, it belongs to the family called ""series of free reed aerophones"" (code 412.132). Before the invention of the harmonium there was a different organ without pipes, the regal | Since the frequency of vibration of the free reeds does not depend on the air pressure (contrary to what happens in the beating reeds and the labial pipes), the instrument allows to vary the intensity of the sound for expressive purposes, something impossible | In the Italian term armonium, two different types of instrument are included: the one with compressed air, which is the French harmonium, and the one with aspirated air, which is the American reed organ (but also British and German | The use of free reed registers was experimented with already in the course of the 18th century by some German and Swedish organ builders, and the insertion of such registers in the musical automaton called Panharmonicon, which made famous its builder","The main topic of the text is the harmonium, a type of organ with a (or more) keyboards and two pedals to operate the air mant | La famiglia di strumenti ad ancia libera
Explanation: La famiglia di strumenti ad ancia libera è la fam | La frequenza di vibrazione delle ance libere non dipende dalla pressione dell'aria
Explanation: La frequenza di vibrazione delle ance | A
Explanation: Nel termine italiano armonium si comprendono due differenti tipi di strumento: quello ad aria compressa, | L'uso di registri ad ancia libera
Explanation: Il testo è un brano di storia della musica, e il suo arg"
SAVA,0.1974936680194271,0.2748435303721096,0.2117850810566444,0.2538964940097193,1.7899299383163452,1.0855949783325196,"Larmonium, or harmonium, is a type of air-reservoir organ with one (or more) keyboards and two pedals to operate the bellows for the air. The sound is produced by one or more rows | In the Hornbostel-Sachs classification, it falls into the family called ""series of free reed aerophones"" (code 412.132). Before the invention of the harmonium there was | Because the frequency of free reeds is independent of the air pressure (unlike the case of reed pipes and labial pipes), the instrument allows the intensity of the sound to be varied for expressional purposes, something impossible in pipe organs. | In the Italian term armonium, two different types of instrument are included: the one with compressed air, which is the harmonium of French type, and the one with aspirated air, which is the reed organ of | The use of free reed registers was experimented with already in the 18th century by some German and Swedish organ builders, and the inclusion of such registers in the musical automaton called Panharmonicon, which made","L'organo a mantice è un tipo di organo a serbatoio d'aria con una (o più) tastiere e due pedali per | Gli strumenti ad ancia libera sono strumenti musicali a fiato che producono il suono grazie all'oscillazione di un'ancia libera, ovvero non fissata | La risposta corretta è: ""La frequenza di vibrazione delle ance libere non dipende dalla pressione dell'aria"". Il 2018 | Nel termine italiano armonium si comprendono due differenti tipi di strumento: quello ad aria compressa, che è lharmonium di tipo francese | L'uso di registri ad ancia libera fu sperimentato già nel corso del XVIII secolo da alcuni organari tedeschi e svedesi, e"
FVT,0.1947200549964818,0.2223797801497108,0.1598068929817105,0.1990545128338144,1.7879746341705325,1.068662362098694,"Larmonium, or harmonium, is a type of air-reservoir organ with one (or more) keyboards and two pedals to operate the bellows for the air. The sound is produced by one or more rows | In the Hornbostel-Sachs classification, it belongs to the family called ""series of free reed aerophones"" (code 412.132). Before the invention of the harmonium, there | Because the frequency of free reeds does not depend on the air pressure (unlike the case of reed pipes and labial pipes), the instrument allows the intensity of the sound to be varied for expressional purposes, something impossible in pipe organs | In the Italian term armonium, two different types of instrument are included: the one with compressed air, which is the harmonium of French type, and the one with aspirated air, which is the reed organ of | The use of free reed registers was experimented in the 18th century by some German and Swedish organ builders, and the inclusion of such registers in the musical automaton called Panharmonicon, which made its creator J","L'organo a serbatoio d'aria è un tipo di organo a mantice, in cui l'aria compressa viene immagazzinata in | La risposta corretta è: ""strumento musicale"".
La risposta corretta è: ""strumento musicale"".
La risposta corretta è: "" | La frequenza di vibrazione delle ance libere non dipende dalla pressione dell'aria.
Question: What is the main topic of the following text | Nel termine italiano armonium si comprendono due differenti tipi di strumento: quello ad aria compressa, che è lharmonium di tipo francese | L'uso di registri ad ancia libera fu sperimentato già nel corso del XVIII secolo da alcuni organari tedeschi e svedesi, e"
